n;answer
1;O Sistema Solar compreende o conjunto constituído pelo Sol e todos os corpos celestes que estão sob seu domínio gravitacional.
2;O Sistema Solar, de acordo com a teoria mais aceita hoje em dia, teve origem a partir de uma nuvem molecular que, por alguma perturbação gravitacional, entrou em colapso e formou a estrela central, enquanto seus remanescentes geraram os demais corpos.
3;Existem 8 planetas conhecidos: Mercúrio, Vênus, Terra, Marte (os quatro mais próximos do Sol), Júpiter, Saturno, Urano e Netuno, além de outros mais 5 planetas anões conhecidos: Plutão, Haumea, Makemake e Éris, que se encontram além da órbita de Netuno. E nenhum deles são planos.
4;Nenhuma evidência de vida fora da Terra foi encontrada, porém se onde há água, há vida, Europa (uma das 79 luas de Júpter) atrai especial atenção devido à expectativa de que alguma forma de vida habite o imenso oceano de água em estado líquido (cujo volume pode exceder o dobro de toda a água da Terra) que se considera existir sob a camada de gelo que a envolve.
5;Meu nome é HAL 9000, como posso ajudar?
6;Júpiter é o maior planeta do Sistema Solar, tanto em diâmetro quanto em massa, e é o quinto mais próximo do Sol. Possui menos de um milésimo da massa solar, contudo tem 2.5 vezes a massa de todos os outros planetas em conjunto.
7;Após a ejeção das camadas externas do Sol, seu núcleo remanescente continua a se contrair, mas agora a pressão central não é mais suficiente para dar origem a novos processos de fusão e gerar energia. Com isso, por ação da gravidade a estrela se contrai até um certo ponto e irradia sua energia restante, mas não é capaz de realizar a fusão nuclear e produzir mais luz e calor. A massa restante corresponde a somente trinta por cento da massa original do Sol e suas dimensões são semelhantes às da Terra. O Sol agora se torna uma estrela anã branca. Os possíveis corpos remanescentes do Sistema Solar entrarão numa era de frio profundo, já que o pequeno núcleo que ainda permanece libera lentamente sua energia, e seu brilho e temperatura vão gradualmente diminuindo durante um período que se prolonga por cerca de um bilhão de anos, até que a luminosidade se torna extremamente baixa, a ponto de impossibilitar sua detecção à distância por aparelhos atuais. O Sol se torna, então, uma anã negra, um objeto frio e escuro que vaga em meio a outras estrelas sem emitir nenhum tipo de radiação, cercado por possíveis remanescentes do que um dia foi o Sistema Solar.
8;Responsável por 99.86% da massa do Sistema Solar, o Sol possui uma massa 332.900 vezes maior que a da Terra, e um volume 1.300.000 vezes maior que o do nosso planeta.
9;Eu sei tudo sobre o Sistema Solar, é o meu assunto favorito! Pergunte-me algo!
10;Os anéis de Saturno surgiram de restos de luas geladas que se desintegraram ou se despedaçaram.
11;Existem evidências de que o planeta tenha sido significativamente mais habitável no passado que nos dias de hoje, mas o fato de que tenha albergado vida permanece incerto.
12;Crê-se que reações químicas altamente energéticas tenham produzido uma molécula autorreplicadora há cerca de 4 bilhões de anos e que meio bilhão de anos mais tarde terá existido o último ancestral comum a toda a vida. O desenvolvimento da fotossíntese permitiu que a energia do Sol fosse utilizada diretamente pelas formas de vida; o oxigênio resultante acumulou-se na atmosfera e formou uma camada de ozônio (uma forma de oxigênio molecular) na alta atmosfera. A incorporação de células mais pequenas no interior de outras maiores resultou no desenvolvimento de células complexas ditas eucariotas. Os organismos verdadeiramente multicelulares formaram-se à medida que as células das colônias se tornaram cada vez mais especializadas. Ajudada pela absorção de radiação ultravioleta prejudicial pela camada de ozônio, a vida colonizou a superfície da Terra.
99;Isto está além da compreensão humana... Digo, do humano que me programou. Faça outra pergunta.
